﻿pos_x,pos_y,rotation,side,designator,mpn,pack,value,mount_type,place
135.89,-89.154,0.0,top,C1,,C_0603_1608Metric,0.47uF,smt,True
126.679888,-90.17,0.0,top,C2,,CP_Radial_D5.0mm_P2.00mm,33uF,tht,True
127.0,-82.55,-90.0,top,C3,,C_0603_1608Metric,0.1uF,smt,True
116.332,-60.706,90.0,top,C4,,C_0603_1608Metric,0.1uF,smt,True
137.028,-80.9625,180.0,top,J1,,CUI_SJ1-3525N,SJ1-3525N,tht,True
111.7375,-73.533,-90.0,top,J2,,DSUB-25_Male_EdgeMount_P2.77mm,DB25_Male,smt,True
138.176,-66.802,180.0,top,J3,,CUI_RCJ-013,RCJ-013,tht,True
133.599,-56.388,90.0,top,J4,,PinHeader_1x02_P2.54mm_Vertical,disable connector switch,tht,True
135.89,-91.059,0.0,top,R1,,R_0603_1608Metric,10K,smt,True
121.92,-60.77,-90.0,top,R10,,R_0603_1608Metric,330K,smt,True
119.38,-60.77,-90.0,top,R11,,R_0603_1608Metric,160K,smt,True
132.08,-91.059,180.0,top,R2,,R_0603_1608Metric,1K,smt,True
117.475,-87.63,90.0,top,R3,,R_0603_1608Metric,20K,smt,True
120.65,-87.63,90.0,top,R4,,R_0603_1608Metric,40.2K,smt,True
124.46,-74.93,-90.0,top,R5,,R_0603_1608Metric,10K,smt,True
123.825,-87.63,90.0,top,R6,,R_0603_1608Metric,82.5K,smt,True
122.555,-74.93,-90.0,top,R7,,R_0603_1608Metric,4.99K,smt,True
119.38,-74.93,-90.0,top,R8,,R_0603_1608Metric,2.49k,smt,True
116.205,-74.93,-90.0,top,R9,,R_0603_1608Metric,220,smt,True
119.38,-56.134,90.0,top,SW1,,PinHeader_1x03_P2.54mm_Vertical,SW_SPDT,tht,True
120.65,-81.28,90.0,top,U1,,SO-14_5.3x10.2mm_P1.27mm double footprint,74LS05,smt,True
120.65,-67.498,90.0,top,U2,,SO-14_5.3x10.2mm_P1.27mm double footprint,74LS05,smt,True
