﻿designator,quantity,value,pack,mpn,mount_type
C1,1,0.47uF,C_0603_1608Metric,,smt
C2,1,33uF,CP_Radial_D5.0mm_P2.00mm,,tht
"C3, C4",2,0.1uF,C_0603_1608Metric,,smt
J1,1,SJ1-3525N,CUI_SJ1-3525N,,tht
J2,1,DB25_Male,DSUB-25_Male_EdgeMount_P2.77mm,,smt
J3,1,RCJ-013,CUI_RCJ-013,,tht
J4,1,disable connector switch,PinHeader_1x02_P2.54mm_Vertical,,tht
"R1, R5",2,10K,R_0603_1608Metric,,smt
R10,1,330K,R_0603_1608Metric,,smt
R11,1,160K,R_0603_1608Metric,,smt
R2,1,1K,R_0603_1608Metric,,smt
R3,1,20K,R_0603_1608Metric,,smt
R4,1,40.2K,R_0603_1608Metric,,smt
R6,1,82.5K,R_0603_1608Metric,,smt
R7,1,4.99K,R_0603_1608Metric,,smt
R8,1,2.49k,R_0603_1608Metric,,smt
R9,1,220,R_0603_1608Metric,,smt
SW1,1,SW_SPDT,PinHeader_1x03_P2.54mm_Vertical,,tht
"U1, U2",2,74LS05,SO-14_5.3x10.2mm_P1.27mm double footprint,,smt
